SDNN, RMSSD, LF_Power, HF_Power, LF/HF Ratio, Stress Index, Color Temperature
152.259997200292, 173.944650002804, 857.377754328216, 551.203354017833, 1.55546541594607, 30.14791, 9504
